19.1,12.7,1
19.5,14.2,1
19,13.5,1
19.3,13,1
20.2,14.7,1
19.6,13.8,1
16.5,13.3,1
19.7,14.5,1
19,13.7,1
15.6,13.8,1
18.7,10.9,1
19,14.2,1
18.6,12.7,1
18.9,13.9,1
18.4,13.5,1
19.4,13.7,1
19.1,14.2,1
20.4,13.9,1
19,13.8,1
17.7,12.9,1
16.6,12,1
19.1,13.2,1
17.8,13.3,1
20.2,12.7,1
18.5,13.3,1
19,14,1
18.9,13,1
20.8,14.1,1
18.3,13,1
19.4,12.9,1
16.6,12.5,1
17.5,13.6,1
19,13.6,1
18.1,13.6,1
18,13.8,1
17.3,13,1
18.4,13.6,1
19.5,14.8,1
16,11.9,1
17,12.8,1
17.3,12.8,1
18.8,13.8,1
18.1,12.9,1
15.7,10.8,2
13.9,10.7,2
16,11.7,2
15,11.3,2
14,11.9,2
14,11.5,2
14,10,2
14.8,10.6,2
14.8,10.6,2
15.1,11.1,2
16,10.7,2
14,10,2
14.7,8.6,2
14.4,11,2
16,10.8,2
16,12.3,2
15.7,10.8,2
15.7,11.5,2
15.1,11.5,2
15.5,10.8,2
15.9,10.8,2
15.8,10.6,2
15.5,10,2
15.3,11.9,2
14.3,10,2
14.2,10,2
15,10.8,2
15.2,11,2
16.3,11.3,2
15.9,10.5,2
14.2,10.8,2
15.9,11.9,2
15.7,11.5,2
14.8,10,2
15.8,11.5,2
14.6,11.9,2
15.9,11.9,2
14.2,10.6,2
15.4,10,2
15.3,11.5,2
15.8,10,2
14.4,10.9,2
15.7,12.1,2
15.5,11.1,2
14,10.2,2
14.8,10.5,2