3480,160,2
3505,210,2
3530,260,2
3555,310,2
3580,360,2
3605,410,2
3630,460,2
3655,510,2
3680,560,2
3705,610,2
3730,660,2
3755,710,2
3780,760,2
3805,810,2
3830,860,2
3855,910,2
3880,960,2
3905,1010,2
3930,1060,2
3955,1110,2
3980,1160,2
4005,1210,2
4030,1260,2
4055,1310,2
4080,1360,2
4105,1410,2
4130,1460,2
4155,1510,2
4180,1560,2
4205,1610,2
4230,1660,2
4255,1710,2
4280,1760,2
4305,1810,2
4330,1860,2
4355,1910,2
4380,1960,2
4405,2010,2
4430,2060,2
4455,2110,2
1550,1850,2
1580,1870,2
1610,1890,2
1640,1910,2
1670,1930,2
1700,1950,2
1730,1970,2
1760,1990,2
1790,2010,2
1820,2030,2
1850,2050,2
1880,2070,2
1910,2090,2
1940,2110,2
1970,2130,2
2000,2150,2
2030,2170,2
2060,2190,2
2090,2210,2
2120,2230,2
2150,2250,2
2180,2270,2
2210,2290,2
2240,2310,2
2270,2330,2
2300,2350,2
2330,2370,2
2360,2390,2
2390,2410,2
2420,2430,2
1900,1150,2
1930,1170,2
1960,1190,2
1990,1210,2
2020,1230,2
2050,1250,2
2080,1270,2
2110,1290,2
2140,1310,2
2170,1330,2
2200,1350,2
2230,1370,2
2260,1390,2
2290,1410,2
2320,1430,2
2350,1450,2
2380,1470,2
2410,1490,2
2440,1510,2
2470,1530,2
2500,1550,2
2530,1570,2
2560,1590,2
2590,1610,2
2620,1630,2
2650,1650,2
2680,1670,2
2710,1690,2
2740,1710,2
2770,1730,2